{
  "k": 4.827817055044398,
  "beta": 0.7151540663401289,
  "r_squared": 0.9993293700651154,
  "total_tokens": 5780390,
  "vocabulary_size": 325067
}