{
  "k": 4.855267278970355,
  "beta": 0.7123083306812791,
  "r_squared": 0.9973772647617292,
  "total_tokens": 5780390,
  "vocabulary_size": 325067
}