{
  "k": 1.0795480838863223,
  "beta": 0.9548586551006433,
  "r_squared": 0.9990552476996615,
  "total_tokens": 60,
  "vocabulary_size": 54
}